<?xml version="1.0" encoding="UTF-8" standalone="yes"?>
<addon id="repo.5h4d0wz4xx.omegawizard" name="5h4d0wz4xx Repo" version="1.0" provider-name="5h4d0wz4xx">
    <extension point="xbmc.addon.repository" name="Example Repository">
        <dir>
            <info compressed="false">https://raw.githubusercontent.com/5h4d0wz4xx/5h4d0wz4xx.github.io/master/repo/zips/addons.xml</info>
            <checksum>https://raw.githubusercontent.com/5h4d0wz4xx/5h4d0wz4xx.github.io/master/repo/zips/addons.xml.md5</checksum>
            <datadir zip="true">https://raw.githubusercontent.com/5h4d0wz4xx/5h4d0wz4xx.github.io/master/repo/zips/</datadir>
        </dir>
    </extension>
    <extension point="xbmc.addon.metadata">
        <summary>5h4d0wz4xx Repo</summary>
        <description>Custom kodi build and wizard</description>
        <disclaimer></disclaimer>
        <platform>all</platform>
        <assets>
            <icon>icon.png</icon>
            <fanart>fanart.jpg</fanart>
        </assets>
    </extension>
</addon>